"State","Carbon Pools","Net Flux Unit","1990","1991","1992","1993","1994","1995","1996","1997","1998","1999","2000","2001","2002","2003","2004","2005","2006","2007","2008","2009","2010","2011","2012","2013","2014","2015","2016","2017","2018","2019","2020","2021","2022"
"Arizona","Total Woodland Ecosystem","MMT CO2 Eq.",0.42,0.42,0.42,0.42,0.41,0.41,0.41,0.41,0.41,0.41,0.41,0.41,0.41,0.41,0.41,0.41,0.41,0.41,0.41,0.41,0.41,0.41,0.4,0.4,0.4,0.4,0.4,0.4,0.4,0.4,0.4,0.4,0.4
"Arizona","Aboveground Biomass","MMT CO2 Eq.",-0.28,-0.28,-0.28,-0.28,-0.28,-0.28,-0.28,-0.28,-0.28,-0.28,-0.28,-0.28,-0.28,-0.28,-0.28,-0.28,-0.28,-0.28,-0.28,-0.28,-0.28,-0.28,-0.28,-0.27,-0.27,-0.27,-0.27,-0.27,-0.27,-0.27,-0.27,-0.27,-0.27
"Arizona","Belowground Biomass","MMT CO2 Eq.",-0.04,-0.04,-0.04,-0.04,-0.04,-0.04,-0.04,-0.04,-0.04,-0.04,-0.04,-0.04,-0.04,-0.04,-0.04,-0.04,-0.04,-0.04,-0.04,-0.04,-0.04,-0.04,-0.04,-0.04,-0.04,-0.04,-0.04,-0.04,-0.04,-0.04,-0.04,-0.04,-0.04
"Arizona","Dead Wood","MMT CO2 Eq.",0.76,0.76,0.76,0.76,0.76,0.76,0.76,0.76,0.76,0.76,0.75,0.75,0.75,0.75,0.75,0.75,0.75,0.75,0.75,0.74,0.74,0.74,0.74,0.74,0.74,0.74,0.74,0.73,0.73,0.73,0.73,0.73,0.73
"Arizona","Litter","MMT CO2 Eq.",-0.03,-0.03,-0.03,-0.03,-0.03,-0.03,-0.03,-0.03,-0.03,-0.03,-0.03,-0.03,-0.03,-0.03,-0.03,-0.03,-0.03,-0.03,-0.03,-0.03,-0.03,-0.03,-0.03,-0.03,-0.03,-0.03,-0.03,-0.03,-0.03,-0.03,-0.03,-0.03,-0.03
"Arizona","Soil (Mineral)","MMT CO2 Eq.",0.01,0.01,0.01,0.01,0.01,0.01,0.01,0.01,0.01,0.01,0.01,0.01,0.01,0.01,0.01,0.01,0.01,0.01,0.01,0.01,0.01,0.01,0.01,0.01,0.01,0.01,0.01,0.01,0.01,0.01,0.01,0.01,0.01
"Arizona","Soil (Organic)","MMT CO2 Eq.",,,,,,,,,,,,,,,,,,,,,,,,,,,,,,,,,
"California","Total Woodland Ecosystem","MMT CO2 Eq.",0.12,0.12,0.12,0.12,0.12,0.11,0.11,0.11,0.11,0.1,0.1,0.1,0.1,0.09,0.09,0.09,0.08,0.08,0.08,0.08,0.07,0.07,0.07,0.06,0.06,0.06,0.06,0.05,0.05,0.05,0.05,0.05,0.05
"California","Aboveground Biomass","MMT CO2 Eq.",-0.04,-0.04,-0.04,-0.04,-0.04,-0.04,-0.04,-0.04,-0.03,-0.03,-0.03,-0.03,-0.03,-0.03,-0.03,-0.03,-0.03,-0.03,-0.03,-0.02,-0.02,-0.02,-0.02,-0.02,-0.02,-0.02,-0.02,-0.02,-0.02,-0.02,-0.02,-0.02,-0.02
"California","Belowground Biomass","MMT CO2 Eq.",-0.01,-0.01,-0.01,-0.01,-0.01,-0.01,-0.01,-0.01,-0.01,-0.01,-0.01,-0.01,-0.01,-0.01,-0.01,-0.01,-0.01,-0.01,0,0,0,0,0,0,0,0,0,0,0,0,0,0,0
"California","Dead Wood","MMT CO2 Eq.",0.15,0.14,0.14,0.14,0.14,0.13,0.13,0.13,0.13,0.12,0.12,0.12,0.11,0.11,0.11,0.1,0.1,0.1,0.09,0.09,0.09,0.08,0.08,0.07,0.07,0.07,0.07,0.06,0.06,0.06,0.06,0.06,0.06
"California","Litter","MMT CO2 Eq.",0,0,0,0,0,0,0,0,0,0,0,0,0,0,0,0,0,0,0,0,0,0,0,0,0,0,0,0,0,0,0,0,0
"California","Soil (Mineral)","MMT CO2 Eq.",0.02,0.02,0.02,0.02,0.02,0.02,0.02,0.02,0.02,0.02,0.02,0.02,0.02,0.02,0.02,0.02,0.02,0.02,0.02,0.01,0.01,0.01,0.01,0.01,0.01,0.01,0.01,0.01,0.01,0.01,0.01,0.01,0.01
"California","Soil (Organic)","MMT CO2 Eq.",,,,,,,,,,,,,,,,,,,,,,,,,,,,,,,,,
"Colorado","Total Woodland Ecosystem","MMT CO2 Eq.",0.01,0.01,0.01,0.01,0.01,0.01,0.01,0.01,0.01,0.01,0.01,0.01,0.01,0.01,0.01,0.01,0.01,0.01,0.01,0.01,0.01,0.01,0.01,0.01,0.01,0.01,0.01,0.01,0.01,0.01,0.01,0.01,0.01
"Colorado","Aboveground Biomass","MMT CO2 Eq.",-0.13,-0.13,-0.13,-0.13,-0.13,-0.13,-0.13,-0.12,-0.12,-0.12,-0.12,-0.12,-0.12,-0.12,-0.12,-0.12,-0.12,-0.12,-0.12,-0.12,-0.12,-0.12,-0.12,-0.12,-0.12,-0.12,-0.11,-0.11,-0.11,-0.11,-0.11,-0.11,-0.11
"Colorado","Belowground Biomass","MMT CO2 Eq.",-0.02,-0.02,-0.02,-0.02,-0.02,-0.02,-0.02,-0.02,-0.02,-0.02,-0.02,-0.01,-0.01,-0.01,-0.01,-0.01,-0.01,-0.01,-0.01,-0.01,-0.01,-0.01,-0.01,-0.01,-0.01,-0.01,-0.01,-0.01,-0.01,-0.01,-0.01,-0.01,-0.01
"Colorado","Dead Wood","MMT CO2 Eq.",0.14,0.14,0.14,0.14,0.14,0.14,0.14,0.14,0.14,0.14,0.13,0.13,0.13,0.13,0.13,0.13,0.13,0.13,0.13,0.13,0.13,0.13,0.13,0.13,0.13,0.13,0.13,0.12,0.12,0.12,0.12,0.12,0.12
"Colorado","Litter","MMT CO2 Eq.",-0.02,-0.02,-0.02,-0.02,-0.02,-0.02,-0.02,-0.02,-0.02,-0.02,-0.02,-0.02,-0.02,-0.02,-0.02,-0.02,-0.02,-0.02,-0.02,-0.02,-0.02,-0.02,-0.02,-0.02,-0.02,-0.02,-0.02,-0.02,-0.02,-0.02,-0.02,-0.02,-0.02
"Colorado","Soil (Mineral)","MMT CO2 Eq.",0.04,0.04,0.04,0.04,0.03,0.03,0.03,0.03,0.03,0.03,0.03,0.03,0.03,0.03,0.03,0.03,0.03,0.03,0.03,0.03,0.03,0.03,0.03,0.03,0.03,0.03,0.03,0.03,0.03,0.03,0.03,0.03,0.03
"Colorado","Soil (Organic)","MMT CO2 Eq.",,,,,,,,,,,,,,,,,,,,,,,,,,,,,,,,,
"Idaho","Total Woodland Ecosystem","MMT CO2 Eq.",-0.02,-0.02,-0.02,-0.02,-0.02,-0.02,-0.02,-0.02,-0.02,-0.02,-0.02,-0.02,-0.02,-0.02,-0.02,-0.02,-0.02,-0.02,-0.02,-0.02,-0.02,-0.02,-0.02,-0.02,-0.02,-0.02,-0.02,-0.02,-0.02,-0.02,-0.02,-0.01,-0.01
"Idaho","Aboveground Biomass","MMT CO2 Eq.",-0.03,-0.03,-0.03,-0.03,-0.03,-0.03,-0.03,-0.03,-0.03,-0.03,-0.03,-0.03,-0.03,-0.03,-0.03,-0.03,-0.03,-0.03,-0.03,-0.03,-0.02,-0.02,-0.02,-0.02,-0.02,-0.02,-0.02,-0.02,-0.02,-0.02,-0.02,-0.02,-0.02
"Idaho","Belowground Biomass","MMT CO2 Eq.",-0.01,-0.01,-0.01,-0.01,-0.01,-0.01,-0.01,-0.01,-0.01,-0.01,-0.01,-0.01,-0.01,-0.01,-0.01,-0.01,-0.01,-0.01,-0.01,-0.01,-0.01,-0.01,-0.01,-0.01,-0.01,-0.01,-0.01,-0.01,-0.01,-0.01,0,0,0
"Idaho","Dead Wood","MMT CO2 Eq.",0,0,0,0,0,0,0,0,0,0,0,0,0,0,0,0,0,0,0,0,0,0,0,0,0,0,0,0,0,0,0,0,0
"Idaho","Litter","MMT CO2 Eq.",0,0,0,0,0,0,0,0,0,0,0,0,0,0,0,0,0,0,0,0,0,0,0,0,0,0,0,0,0,0,0,0,0
"Idaho","Soil (Mineral)","MMT CO2 Eq.",0.02,0.02,0.02,0.01,0.01,0.01,0.01,0.01,0.01,0.01,0.01,0.01,0.01,0.01,0.01,0.01,0.01,0.01,0.01,0.01,0.01,0.01,0.01,0.01,0.01,0.01,0.01,0.01,0.01,0.01,0.01,0.01,0.01
"Idaho","Soil (Organic)","MMT CO2 Eq.",,,,,,,,,,,,,,,,,,,,,,,,,,,,,,,,,
"Montana","Total Woodland Ecosystem","MMT CO2 Eq.",-0.03,-0.03,-0.03,-0.03,-0.03,-0.03,-0.03,-0.03,-0.03,-0.03,-0.03,-0.03,-0.03,-0.03,-0.03,-0.03,-0.03,-0.03,-0.03,-0.03,-0.03,-0.03,-0.03,-0.03,-0.03,-0.03,-0.03,-0.03,-0.03,-0.03,-0.03,-0.03,-0.03
"Montana","Aboveground Biomass","MMT CO2 Eq.",-0.06,-0.06,-0.06,-0.06,-0.06,-0.06,-0.06,-0.06,-0.06,-0.06,-0.06,-0.06,-0.06,-0.06,-0.06,-0.06,-0.06,-0.06,-0.06,-0.06,-0.06,-0.06,-0.06,-0.06,-0.06,-0.06,-0.06,-0.06,-0.06,-0.06,-0.06,-0.06,-0.06
"Montana","Belowground Biomass","MMT CO2 Eq.",-0.01,-0.01,-0.01,-0.01,-0.01,-0.01,-0.01,-0.01,-0.01,-0.01,-0.01,-0.01,-0.01,-0.01,-0.01,-0.01,-0.01,-0.01,-0.01,-0.01,-0.01,-0.01,-0.01,-0.01,-0.01,-0.01,-0.01,-0.01,-0.01,-0.01,-0.01,-0.01,-0.01
"Montana","Dead Wood","MMT CO2 Eq.",0.04,0.04,0.04,0.04,0.04,0.04,0.04,0.04,0.04,0.04,0.04,0.04,0.04,0.04,0.04,0.04,0.04,0.04,0.04,0.04,0.04,0.04,0.04,0.04,0.04,0.04,0.04,0.04,0.04,0.04,0.04,0.04,0.04
"Montana","Litter","MMT CO2 Eq.",-0.01,-0.01,-0.01,-0.01,-0.01,-0.01,-0.01,-0.01,-0.01,-0.01,-0.01,-0.01,-0.01,-0.01,-0.01,-0.01,-0.01,-0.01,-0.01,-0.01,-0.01,-0.01,-0.01,-0.01,-0.01,-0.01,-0.01,-0.01,-0.01,-0.01,-0.01,-0.01,-0.01
"Montana","Soil (Mineral)","MMT CO2 Eq.",0.01,0.01,0.01,0.01,0.01,0.01,0.01,0.01,0.01,0.01,0.01,0.01,0.01,0.01,0.01,0.01,0.01,0.01,0.01,0.01,0.01,0.01,0.01,0.01,0.01,0.01,0.01,0.01,0.01,0.01,0.01,0.01,0.01
"Montana","Soil (Organic)","MMT CO2 Eq.",,,,,,,,,,,,,,,,,,,,,,,,,,,,,,,,,
"Nevada","Total Woodland Ecosystem","MMT CO2 Eq.",-0.4,-0.4,-0.4,-0.4,-0.39,-0.39,-0.39,-0.39,-0.38,-0.38,-0.38,-0.37,-0.37,-0.37,-0.36,-0.36,-0.36,-0.35,-0.35,-0.34,-0.34,-0.33,-0.33,-0.33,-0.32,-0.32,-0.31,-0.31,-0.31,-0.3,-0.3,-0.29,-0.29
"Nevada","Aboveground Biomass","MMT CO2 Eq.",-0.33,-0.32,-0.32,-0.32,-0.32,-0.32,-0.31,-0.31,-0.31,-0.31,-0.3,-0.3,-0.3,-0.3,-0.29,-0.29,-0.29,-0.28,-0.28,-0.28,-0.27,-0.27,-0.27,-0.26,-0.26,-0.26,-0.25,-0.25,-0.25,-0.24,-0.24,-0.24,-0.23
"Nevada","Belowground Biomass","MMT CO2 Eq.",-0.08,-0.08,-0.08,-0.08,-0.08,-0.08,-0.08,-0.08,-0.08,-0.08,-0.08,-0.08,-0.07,-0.07,-0.07,-0.07,-0.07,-0.07,-0.07,-0.07,-0.07,-0.07,-0.07,-0.07,-0.07,-0.06,-0.06,-0.06,-0.06,-0.06,-0.06,-0.06,-0.06
"Nevada","Dead Wood","MMT CO2 Eq.",0.08,0.08,0.08,0.08,0.08,0.08,0.08,0.08,0.08,0.08,0.08,0.08,0.07,0.07,0.07,0.07,0.07,0.07,0.07,0.07,0.07,0.07,0.07,0.07,0.06,0.06,0.06,0.06,0.06,0.06,0.06,0.06,0.06
"Nevada","Litter","MMT CO2 Eq.",-0.07,-0.07,-0.07,-0.07,-0.07,-0.07,-0.07,-0.07,-0.07,-0.07,-0.07,-0.06,-0.06,-0.06,-0.06,-0.06,-0.06,-0.06,-0.06,-0.06,-0.06,-0.06,-0.06,-0.06,-0.06,-0.05,-0.05,-0.05,-0.05,-0.05,-0.05,-0.05,-0.05
"Nevada","Soil (Mineral)","MMT CO2 Eq.",-0.01,-0.01,-0.01,-0.01,-0.01,-0.01,-0.01,-0.01,-0.01,-0.01,-0.01,-0.01,-0.01,-0.01,-0.01,-0.01,-0.01,-0.01,-0.01,-0.01,-0.01,-0.01,-0.01,-0.01,-0.01,-0.01,-0.01,-0.01,-0.01,-0.01,-0.01,-0.01,-0.01
"Nevada","Soil (Organic)","MMT CO2 Eq.",,,,,,,,,,,,,,,,,,,,,,,,,,,,,,,,,
"New Mexico","Total Woodland Ecosystem","MMT CO2 Eq.",-0.26,-0.26,-0.26,-0.26,-0.26,-0.26,-0.26,-0.26,-0.26,-0.26,-0.26,-0.26,-0.25,-0.25,-0.25,-0.25,-0.25,-0.25,-0.25,-0.25,-0.25,-0.25,-0.25,-0.25,-0.25,-0.25,-0.25,-0.25,-0.25,-0.25,-0.25,-0.25,-0.25
"New Mexico","Aboveground Biomass","MMT CO2 Eq.",-0.4,-0.4,-0.4,-0.39,-0.39,-0.39,-0.39,-0.39,-0.39,-0.39,-0.39,-0.39,-0.39,-0.39,-0.39,-0.39,-0.39,-0.39,-0.39,-0.39,-0.39,-0.38,-0.38,-0.38,-0.38,-0.38,-0.38,-0.38,-0.38,-0.38,-0.38,-0.38,-0.38
"New Mexico","Belowground Biomass","MMT CO2 Eq.",-0.05,-0.05,-0.05,-0.05,-0.05,-0.05,-0.05,-0.05,-0.05,-0.05,-0.05,-0.05,-0.05,-0.05,-0.05,-0.05,-0.05,-0.05,-0.05,-0.05,-0.05,-0.05,-0.05,-0.05,-0.05,-0.05,-0.05,-0.05,-0.05,-0.05,-0.05,-0.05,-0.04
"New Mexico","Dead Wood","MMT CO2 Eq.",0.22,0.22,0.22,0.22,0.22,0.22,0.22,0.22,0.22,0.22,0.22,0.22,0.22,0.22,0.22,0.22,0.22,0.22,0.22,0.22,0.22,0.21,0.21,0.21,0.21,0.21,0.21,0.21,0.21,0.21,0.21,0.21,0.21
"New Mexico","Litter","MMT CO2 Eq.",-0.07,-0.07,-0.07,-0.07,-0.07,-0.07,-0.07,-0.07,-0.07,-0.07,-0.07,-0.07,-0.07,-0.07,-0.07,-0.07,-0.07,-0.07,-0.07,-0.07,-0.07,-0.07,-0.07,-0.07,-0.07,-0.07,-0.07,-0.07,-0.07,-0.07,-0.07,-0.07,-0.07
"New Mexico","Soil (Mineral)","MMT CO2 Eq.",0.03,0.03,0.03,0.03,0.03,0.03,0.03,0.03,0.03,0.03,0.03,0.03,0.03,0.03,0.03,0.03,0.03,0.03,0.03,0.03,0.03,0.03,0.03,0.03,0.03,0.03,0.03,0.03,0.03,0.03,0.03,0.03,0.03
"New Mexico","Soil (Organic)","MMT CO2 Eq.",,,,,,,,,,,,,,,,,,,,,,,,,,,,,,,,,
"North Dakota","Total Woodland Ecosystem","MMT CO2 Eq.",0,0,0,0,0,0,0,0,0,0,0,0,0,0,0,0,0,0,0,0,0,0,0,0,0,0,0,0,0,0,0,0,0
"North Dakota","Aboveground Biomass","MMT CO2 Eq.",0,0,0,0,0,0,0,0,0,0,0,0,0,0,0,0,0,0,0,0,0,0,0,0,0,0,0,0,0,0,0,0,0
"North Dakota","Belowground Biomass","MMT CO2 Eq.",0,0,0,0,0,0,0,0,0,0,0,0,0,0,0,0,0,0,0,0,0,0,0,0,0,0,0,0,0,0,0,0,0
"North Dakota","Dead Wood","MMT CO2 Eq.",0.01,0.01,0.01,0.01,0.01,0.01,0.01,0.01,0.01,0.01,0.01,0.01,0.01,0.01,0.01,0.01,0.01,0.01,0.01,0.01,0.01,0.01,0.01,0.01,0.01,0.01,0.01,0.01,0.01,0,0,0,0
"North Dakota","Litter","MMT CO2 Eq.",0,0,0,0,0,0,0,0,0,0,0,0,0,0,0,0,0,0,0,0,0,0,0,0,0,0,0,0,0,0,0,0,0
"North Dakota","Soil (Mineral)","MMT CO2 Eq.",0,0,0,0,0,0,0,0,0,0,0,0,0,0,0,0,0,0,0,0,0,0,0,0,0,0,0,0,0,0,0,0,0
"North Dakota","Soil (Organic)","MMT CO2 Eq.",,,,,,,,,,,,,,,,,,,,,,,,,,,,,,,,,
"Oklahoma","Total Woodland Ecosystem","MMT CO2 Eq.",0,0,0,0,-0.07,-0.11,-0.11,-0.11,-0.1,-0.1,-0.1,-0.12,-0.11,-0.11,-0.1,-0.1,-0.09,-0.09,-0.09,-0.08,-0.08,-0.07,-0.07,-0.06,-0.06,-0.05,-0.05,-0.04,-0.03,-0.03,-0.03,-0.03,-0.03
"Oklahoma","Aboveground Biomass","MMT CO2 Eq.",0,0,0,0,-0.07,-0.11,-0.11,-0.11,-0.1,-0.1,-0.1,-0.09,-0.09,-0.09,-0.08,-0.08,-0.08,-0.07,-0.07,-0.07,-0.06,-0.06,-0.06,-0.05,-0.05,-0.04,-0.04,-0.03,-0.03,-0.03,-0.03,-0.02,-0.02
"Oklahoma","Belowground Biomass","MMT CO2 Eq.",0,0,0,0,0,0,0,0,0,0,-0.01,-0.02,-0.02,-0.02,-0.02,-0.02,-0.02,-0.02,-0.02,-0.02,-0.01,-0.01,-0.01,-0.01,-0.01,-0.01,-0.01,-0.01,-0.01,-0.01,-0.01,-0.01,-0.01
"Oklahoma","Dead Wood","MMT CO2 Eq.",0.03,0.03,0.03,0.03,0.03,0.03,0.03,0.03,0.03,0.02,0.02,0.02,0.02,0.02,0.02,0.02,0.02,0.02,0.02,0.02,0.02,0.01,0.01,0.01,0.01,0.01,0.01,0.01,0.01,0.01,0.01,0.01,0.01
"Oklahoma","Litter","MMT CO2 Eq.",-0.03,-0.03,-0.03,-0.03,-0.03,-0.03,-0.03,-0.02,-0.02,-0.02,-0.02,-0.02,-0.02,-0.02,-0.02,-0.02,-0.02,-0.02,-0.02,-0.02,-0.01,-0.01,-0.01,-0.01,-0.01,-0.01,-0.01,-0.01,-0.01,-0.01,-0.01,-0.01,-0.01
"Oklahoma","Soil (Mineral)","MMT CO2 Eq.",0,0,0,0,0,0,0,0,0,0,0,0,0,0,0,0,0,0,0,0,0,0,0,0,0,0,0,0,0,0,0,0,0
"Oklahoma","Soil (Organic)","MMT CO2 Eq.",,,,,,,,,,,,,,,,,,,,,,,,,,,,,,,,,
"Oregon","Total Woodland Ecosystem","MMT CO2 Eq.",0.05,0.05,0.05,0.05,0.05,0.05,0.05,0.05,0.05,0.05,0.05,0.05,0.05,0.05,0.04,0.04,0.04,0.03,0.03,0.02,0.02,0.02,0.01,0.01,0,-0.01,-0.03,-0.04,-0.06,-0.07,-0.09,-0.1,-0.12
"Oregon","Aboveground Biomass","MMT CO2 Eq.",0.01,0.01,0.01,0.01,0.01,0.01,0.01,0.01,0.01,0.01,0.01,0.01,0.01,0.01,0.01,0.01,0.01,0,0,0,0,0,0,0,0,0,0,-0.01,-0.01,-0.01,-0.01,-0.01,-0.02
"Oregon","Belowground Biomass","MMT CO2 Eq.",0,0,0,0,0,0,0,0,0,0,0,0,0,0,0,0,0,0,0,0,0,0,0,0,0,0,0,0,0,0,0,0,0
"Oregon","Dead Wood","MMT CO2 Eq.",0.01,0.01,0.01,0.01,0.01,0.01,0.01,0.01,0.01,0.01,0.01,0.01,0.01,0.01,0.01,0.01,0,0,0,0,0,0,0,0,0,0,0,-0.01,-0.01,-0.01,-0.01,-0.01,-0.02
"Oregon","Litter","MMT CO2 Eq.",0,0,0,0,0,0,0,0,0,0,0,0,0,0,0,0,0,0,0,0,0,0,0,0,0,0,0,0,0,0,0,0,0
"Oregon","Soil (Mineral)","MMT CO2 Eq.",0.03,0.03,0.03,0.03,0.03,0.03,0.03,0.03,0.03,0.03,0.03,0.03,0.03,0.03,0.03,0.03,0.02,0.02,0.02,0.02,0.01,0.01,0.01,0,0,-0.01,-0.02,-0.03,-0.04,-0.05,-0.06,-0.07,-0.08
"Oregon","Soil (Organic)","MMT CO2 Eq.",,,,,,,,,,,,,,,,,,,,,,,,,,,,,,,,,
"South Dakota","Total Woodland Ecosystem","MMT CO2 Eq.",0,0,0,0,0,0,0,0,0,0,0,0,0,0,0,0,0,0,0,0,0,0,0,0,0,0,0,0,0,0,0,0,0
"South Dakota","Aboveground Biomass","MMT CO2 Eq.",0,0,0,0,0,0,0,0,0,0,0,0,0,0,0,0,0,0,0,0,0,0,0,0,0,0,0,0,0,0,0,0,0
"South Dakota","Belowground Biomass","MMT CO2 Eq.",0,0,0,0,0,0,0,0,0,0,0,0,0,0,0,0,0,0,0,0,0,0,0,0,0,0,0,0,0,0,0,0,0
"South Dakota","Dead Wood","MMT CO2 Eq.",0,0,0,0,0,0,0,0,0,0,0,0,0,0,0,0,0,0,0,0,0,0,0,0,0,0,0,0,0,0,0,0,0
"South Dakota","Litter","MMT CO2 Eq.",0,0,0,0,0,0,0,0,0,0,0,0,0,0,0,0,0,0,0,0,0,0,0,0,0,0,0,0,0,0,0,0,0
"South Dakota","Soil (Mineral)","MMT CO2 Eq.",0,0,0,0,0,0,0,0,0,0,0,0,0,0,0,0,0,0,0,0,0,0,0,0,0,0,0,0,0,0,0,0,0
"South Dakota","Soil (Organic)","MMT CO2 Eq.",,,,,,,,,,,,,,,,,,,,,,,,,,,,,,,,,
"Texas","Total Woodland Ecosystem","MMT CO2 Eq.",-0.04,-0.04,-0.04,-0.04,-0.04,-0.04,-0.04,-0.04,-0.04,-0.04,-0.04,-0.04,-0.04,-0.04,-0.04,-0.04,-0.04,-0.04,-0.04,-0.04,-0.03,-0.03,-0.03,-0.03,-0.03,-0.03,-0.03,-0.03,-0.03,-0.03,-0.03,-0.03,-0.03
"Texas","Aboveground Biomass","MMT CO2 Eq.",-0.76,-0.75,-0.75,-0.74,-0.74,-0.73,-0.73,-0.72,-0.72,-0.71,-0.7,-0.7,-0.69,-0.68,-0.67,-0.66,-0.65,-0.65,-0.63,-0.62,-0.61,-0.6,-0.59,-0.58,-0.56,-0.55,-0.54,-0.53,-0.52,-0.51,-0.5,-0.49,-0.48
"Texas","Belowground Biomass","MMT CO2 Eq.",-0.1,-0.1,-0.1,-0.09,-0.09,-0.09,-0.09,-0.09,-0.09,-0.09,-0.09,-0.09,-0.09,-0.09,-0.09,-0.08,-0.08,-0.08,-0.08,-0.08,-0.08,-0.08,-0.07,-0.07,-0.07,-0.07,-0.07,-0.07,-0.07,-0.06,-0.06,-0.06,-0.06
"Texas","Dead Wood","MMT CO2 Eq.",0.95,0.95,0.94,0.93,0.93,0.92,0.91,0.91,0.9,0.89,0.88,0.87,0.86,0.85,0.84,0.83,0.82,0.81,0.79,0.78,0.76,0.75,0.73,0.72,0.71,0.69,0.68,0.66,0.65,0.64,0.62,0.61,0.6
"Texas","Litter","MMT CO2 Eq.",-0.14,-0.14,-0.14,-0.14,-0.14,-0.14,-0.13,-0.13,-0.13,-0.13,-0.13,-0.13,-0.13,-0.13,-0.12,-0.12,-0.12,-0.12,-0.12,-0.11,-0.11,-0.11,-0.11,-0.11,-0.1,-0.1,-0.1,-0.1,-0.1,-0.09,-0.09,-0.09,-0.09
"Texas","Soil (Mineral)","MMT CO2 Eq.",0,0,0,0,0,0,0,0,0,0,0,0,0,0,0,0,0,0,0,0,0,0,0,0,0,0,0,0,0,0,0,0,0
"Texas","Soil (Organic)","MMT CO2 Eq.",,,,,,,,,,,,,,,,,,,,,,,,,,,,,,,,,
"Utah","Total Woodland Ecosystem","MMT CO2 Eq.",0.18,0.18,0.18,0.18,0.18,0.18,0.18,0.18,0.18,0.18,0.17,0.17,0.17,0.17,0.17,0.17,0.17,0.17,0.17,0.16,0.16,0.16,0.16,0.16,0.16,0.16,0.16,0.15,0.15,0.15,0.15,0.15,0.15
"Utah","Aboveground Biomass","MMT CO2 Eq.",-0.22,-0.22,-0.22,-0.22,-0.22,-0.22,-0.22,-0.21,-0.21,-0.21,-0.21,-0.21,-0.21,-0.21,-0.21,-0.2,-0.2,-0.2,-0.2,-0.2,-0.2,-0.2,-0.19,-0.19,-0.19,-0.19,-0.19,-0.19,-0.19,-0.18,-0.18,-0.18,-0.18
"Utah","Belowground Biomass","MMT CO2 Eq.",-0.03,-0.03,-0.03,-0.03,-0.03,-0.03,-0.03,-0.03,-0.03,-0.03,-0.03,-0.03,-0.03,-0.03,-0.03,-0.03,-0.03,-0.03,-0.03,-0.03,-0.03,-0.03,-0.03,-0.03,-0.03,-0.03,-0.03,-0.03,-0.03,-0.03,-0.03,-0.03,-0.03
"Utah","Dead Wood","MMT CO2 Eq.",0.41,0.41,0.41,0.4,0.4,0.4,0.4,0.4,0.39,0.39,0.39,0.39,0.38,0.38,0.38,0.38,0.37,0.37,0.37,0.37,0.36,0.36,0.36,0.36,0.35,0.35,0.35,0.34,0.34,0.34,0.34,0.33,0.33
"Utah","Litter","MMT CO2 Eq.",-0.03,-0.03,-0.03,-0.03,-0.03,-0.03,-0.03,-0.03,-0.03,-0.03,-0.03,-0.03,-0.03,-0.03,-0.03,-0.03,-0.03,-0.03,-0.03,-0.03,-0.03,-0.03,-0.03,-0.03,-0.03,-0.03,-0.03,-0.03,-0.03,-0.03,-0.03,-0.03,-0.02
"Utah","Soil (Mineral)","MMT CO2 Eq.",0.06,0.06,0.06,0.06,0.06,0.06,0.06,0.06,0.06,0.06,0.06,0.06,0.06,0.06,0.06,0.06,0.05,0.05,0.05,0.05,0.05,0.05,0.05,0.05,0.05,0.05,0.05,0.05,0.05,0.05,0.05,0.05,0.05
"Utah","Soil (Organic)","MMT CO2 Eq.",,,,,,,,,,,,,,,,,,,,,,,,,,,,,,,,,
"Arizona","Total Woodland Ecosystem","MMT C",0.11,0.11,0.11,0.11,0.11,0.11,0.11,0.11,0.11,0.11,0.11,0.11,0.11,0.11,0.11,0.11,0.11,0.11,0.11,0.11,0.11,0.11,0.11,0.11,0.11,0.11,0.11,0.11,0.11,0.11,0.11,0.11,0.11
"Arizona","Aboveground Biomass","MMT C",-0.08,-0.08,-0.08,-0.08,-0.08,-0.08,-0.08,-0.08,-0.08,-0.08,-0.08,-0.08,-0.08,-0.08,-0.08,-0.08,-0.08,-0.08,-0.08,-0.08,-0.08,-0.08,-0.08,-0.07,-0.07,-0.07,-0.07,-0.07,-0.07,-0.07,-0.07,-0.07,-0.07
"Arizona","Belowground Biomass","MMT C",-0.01,-0.01,-0.01,-0.01,-0.01,-0.01,-0.01,-0.01,-0.01,-0.01,-0.01,-0.01,-0.01,-0.01,-0.01,-0.01,-0.01,-0.01,-0.01,-0.01,-0.01,-0.01,-0.01,-0.01,-0.01,-0.01,-0.01,-0.01,-0.01,-0.01,-0.01,-0.01,-0.01
"Arizona","Dead Wood","MMT C",0.21,0.21,0.21,0.21,0.21,0.21,0.21,0.21,0.21,0.21,0.21,0.21,0.21,0.2,0.2,0.2,0.2,0.2,0.2,0.2,0.2,0.2,0.2,0.2,0.2,0.2,0.2,0.2,0.2,0.2,0.2,0.2,0.2
"Arizona","Litter","MMT C",-0.01,-0.01,-0.01,-0.01,-0.01,-0.01,-0.01,-0.01,-0.01,-0.01,-0.01,-0.01,-0.01,-0.01,-0.01,-0.01,-0.01,-0.01,-0.01,-0.01,-0.01,-0.01,-0.01,-0.01,-0.01,-0.01,-0.01,-0.01,-0.01,-0.01,-0.01,-0.01,-0.01
"Arizona","Soil (Mineral)","MMT C",0,0,0,0,0,0,0,0,0,0,0,0,0,0,0,0,0,0,0,0,0,0,0,0,0,0,0,0,0,0,0,0,0
"Arizona","Soil (Organic)","MMT C",,,,,,,,,,,,,,,,,,,,,,,,,,,,,,,,,
"California","Total Woodland Ecosystem","MMT C",0.03,0.03,0.03,0.03,0.03,0.03,0.03,0.03,0.03,0.03,0.03,0.03,0.03,0.03,0.02,0.02,0.02,0.02,0.02,0.02,0.02,0.02,0.02,0.02,0.02,0.02,0.02,0.01,0.01,0.01,0.01,0.01,0.01
"California","Aboveground Biomass","MMT C",-0.01,-0.01,-0.01,-0.01,-0.01,-0.01,-0.01,-0.01,-0.01,-0.01,-0.01,-0.01,-0.01,-0.01,-0.01,-0.01,-0.01,-0.01,-0.01,-0.01,-0.01,-0.01,-0.01,-0.01,-0.01,-0.01,0,0,0,0,0,0,0
"California","Belowground Biomass","MMT C",0,0,0,0,0,0,0,0,0,0,0,0,0,0,0,0,0,0,0,0,0,0,0,0,0,0,0,0,0,0,0,0,0
"California","Dead Wood","MMT C",0.04,0.04,0.04,0.04,0.04,0.04,0.04,0.04,0.03,0.03,0.03,0.03,0.03,0.03,0.03,0.03,0.03,0.03,0.03,0.02,0.02,0.02,0.02,0.02,0.02,0.02,0.02,0.02,0.02,0.02,0.02,0.02,0.02
"California","Litter","MMT C",0,0,0,0,0,0,0,0,0,0,0,0,0,0,0,0,0,0,0,0,0,0,0,0,0,0,0,0,0,0,0,0,0
"California","Soil (Mineral)","MMT C",0.01,0.01,0.01,0.01,0.01,0.01,0.01,0.01,0.01,0.01,0.01,0.01,0.01,0,0,0,0,0,0,0,0,0,0,0,0,0,0,0,0,0,0,0,0
"California","Soil (Organic)","MMT C",,,,,,,,,,,,,,,,,,,,,,,,,,,,,,,,,
"Colorado","Total Woodland Ecosystem","MMT C",0,0,0,0,0,0,0,0,0,0,0,0,0,0,0,0,0,0,0,0,0,0,0,0,0,0,0,0,0,0,0,0,0
"Colorado","Aboveground Biomass","MMT C",-0.03,-0.03,-0.03,-0.03,-0.03,-0.03,-0.03,-0.03,-0.03,-0.03,-0.03,-0.03,-0.03,-0.03,-0.03,-0.03,-0.03,-0.03,-0.03,-0.03,-0.03,-0.03,-0.03,-0.03,-0.03,-0.03,-0.03,-0.03,-0.03,-0.03,-0.03,-0.03,-0.03
"Colorado","Belowground Biomass","MMT C",0,0,0,0,0,0,0,0,0,0,0,0,0,0,0,0,0,0,0,0,0,0,0,0,0,0,0,0,0,0,0,0,0
"Colorado","Dead Wood","MMT C",0.04,0.04,0.04,0.04,0.04,0.04,0.04,0.04,0.04,0.04,0.04,0.04,0.04,0.04,0.04,0.04,0.04,0.04,0.04,0.04,0.04,0.04,0.03,0.03,0.03,0.03,0.03,0.03,0.03,0.03,0.03,0.03,0.03
"Colorado","Litter","MMT C",-0.01,-0.01,-0.01,-0.01,-0.01,-0.01,-0.01,-0.01,-0.01,-0.01,-0.01,-0.01,-0.01,-0.01,-0.01,-0.01,-0.01,-0.01,-0.01,-0.01,-0.01,-0.01,-0.01,-0.01,-0.01,-0.01,-0.01,-0.01,-0.01,0,0,0,0
"Colorado","Soil (Mineral)","MMT C",0.01,0.01,0.01,0.01,0.01,0.01,0.01,0.01,0.01,0.01,0.01,0.01,0.01,0.01,0.01,0.01,0.01,0.01,0.01,0.01,0.01,0.01,0.01,0.01,0.01,0.01,0.01,0.01,0.01,0.01,0.01,0.01,0.01
"Colorado","Soil (Organic)","MMT C",,,,,,,,,,,,,,,,,,,,,,,,,,,,,,,,,
"Idaho","Total Woodland Ecosystem","MMT C",-0.01,-0.01,-0.01,-0.01,-0.01,-0.01,-0.01,-0.01,-0.01,-0.01,-0.01,-0.01,-0.01,-0.01,-0.01,-0.01,-0.01,-0.01,-0.01,-0.01,-0.01,0,0,0,0,0,0,0,0,0,0,0,0
"Idaho","Aboveground Biomass","MMT C",-0.01,-0.01,-0.01,-0.01,-0.01,-0.01,-0.01,-0.01,-0.01,-0.01,-0.01,-0.01,-0.01,-0.01,-0.01,-0.01,-0.01,-0.01,-0.01,-0.01,-0.01,-0.01,-0.01,-0.01,-0.01,-0.01,-0.01,-0.01,-0.01,-0.01,-0.01,-0.01,-0.01
"Idaho","Belowground Biomass","MMT C",0,0,0,0,0,0,0,0,0,0,0,0,0,0,0,0,0,0,0,0,0,0,0,0,0,0,0,0,0,0,0,0,0
"Idaho","Dead Wood","MMT C",0,0,0,0,0,0,0,0,0,0,0,0,0,0,0,0,0,0,0,0,0,0,0,0,0,0,0,0,0,0,0,0,0
"Idaho","Litter","MMT C",0,0,0,0,0,0,0,0,0,0,0,0,0,0,0,0,0,0,0,0,0,0,0,0,0,0,0,0,0,0,0,0,0
"Idaho","Soil (Mineral)","MMT C",0,0,0,0,0,0,0,0,0,0,0,0,0,0,0,0,0,0,0,0,0,0,0,0,0,0,0,0,0,0,0,0,0
"Idaho","Soil (Organic)","MMT C",,,,,,,,,,,,,,,,,,,,,,,,,,,,,,,,,
"Montana","Total Woodland Ecosystem","MMT C",-0.01,-0.01,-0.01,-0.01,-0.01,-0.01,-0.01,-0.01,-0.01,-0.01,-0.01,-0.01,-0.01,-0.01,-0.01,-0.01,-0.01,-0.01,-0.01,-0.01,-0.01,-0.01,-0.01,-0.01,-0.01,-0.01,-0.01,-0.01,-0.01,-0.01,-0.01,-0.01,-0.01
"Montana","Aboveground Biomass","MMT C",-0.02,-0.02,-0.02,-0.02,-0.02,-0.02,-0.02,-0.02,-0.02,-0.02,-0.02,-0.02,-0.02,-0.02,-0.02,-0.02,-0.02,-0.02,-0.02,-0.02,-0.02,-0.02,-0.02,-0.02,-0.02,-0.02,-0.02,-0.02,-0.02,-0.02,-0.02,-0.02,-0.02
"Montana","Belowground Biomass","MMT C",0,0,0,0,0,0,0,0,0,0,0,0,0,0,0,0,0,0,0,0,0,0,0,0,0,0,0,0,0,0,0,0,0
"Montana","Dead Wood","MMT C",0.01,0.01,0.01,0.01,0.01,0.01,0.01,0.01,0.01,0.01,0.01,0.01,0.01,0.01,0.01,0.01,0.01,0.01,0.01,0.01,0.01,0.01,0.01,0.01,0.01,0.01,0.01,0.01,0.01,0.01,0.01,0.01,0.01
"Montana","Litter","MMT C",0,0,0,0,0,0,0,0,0,0,0,0,0,0,0,0,0,0,0,0,0,0,0,0,0,0,0,0,0,0,0,0,0
"Montana","Soil (Mineral)","MMT C",0,0,0,0,0,0,0,0,0,0,0,0,0,0,0,0,0,0,0,0,0,0,0,0,0,0,0,0,0,0,0,0,0
"Montana","Soil (Organic)","MMT C",,,,,,,,,,,,,,,,,,,,,,,,,,,,,,,,,
"Nevada","Total Woodland Ecosystem","MMT C",-0.11,-0.11,-0.11,-0.11,-0.11,-0.11,-0.11,-0.11,-0.1,-0.1,-0.1,-0.1,-0.1,-0.1,-0.1,-0.1,-0.1,-0.1,-0.09,-0.09,-0.09,-0.09,-0.09,-0.09,-0.09,-0.09,-0.09,-0.08,-0.08,-0.08,-0.08,-0.08,-0.08
"Nevada","Aboveground Biomass","MMT C",-0.09,-0.09,-0.09,-0.09,-0.09,-0.09,-0.09,-0.08,-0.08,-0.08,-0.08,-0.08,-0.08,-0.08,-0.08,-0.08,-0.08,-0.08,-0.08,-0.08,-0.07,-0.07,-0.07,-0.07,-0.07,-0.07,-0.07,-0.07,-0.07,-0.07,-0.07,-0.06,-0.06
"Nevada","Belowground Biomass","MMT C",-0.02,-0.02,-0.02,-0.02,-0.02,-0.02,-0.02,-0.02,-0.02,-0.02,-0.02,-0.02,-0.02,-0.02,-0.02,-0.02,-0.02,-0.02,-0.02,-0.02,-0.02,-0.02,-0.02,-0.02,-0.02,-0.02,-0.02,-0.02,-0.02,-0.02,-0.02,-0.02,-0.02
"Nevada","Dead Wood","MMT C",0.02,0.02,0.02,0.02,0.02,0.02,0.02,0.02,0.02,0.02,0.02,0.02,0.02,0.02,0.02,0.02,0.02,0.02,0.02,0.02,0.02,0.02,0.02,0.02,0.02,0.02,0.02,0.02,0.02,0.02,0.02,0.02,0.02
"Nevada","Litter","MMT C",-0.02,-0.02,-0.02,-0.02,-0.02,-0.02,-0.02,-0.02,-0.02,-0.02,-0.02,-0.02,-0.02,-0.02,-0.02,-0.02,-0.02,-0.02,-0.02,-0.02,-0.02,-0.02,-0.02,-0.02,-0.02,-0.01,-0.01,-0.01,-0.01,-0.01,-0.01,-0.01,-0.01
"Nevada","Soil (Mineral)","MMT C",0,0,0,0,0,0,0,0,0,0,0,0,0,0,0,0,0,0,0,0,0,0,0,0,0,0,0,0,0,0,0,0,0
"Nevada","Soil (Organic)","MMT C",,,,,,,,,,,,,,,,,,,,,,,,,,,,,,,,,
"New Mexico","Total Woodland Ecosystem","MMT C",-0.07,-0.07,-0.07,-0.07,-0.07,-0.07,-0.07,-0.07,-0.07,-0.07,-0.07,-0.07,-0.07,-0.07,-0.07,-0.07,-0.07,-0.07,-0.07,-0.07,-0.07,-0.07,-0.07,-0.07,-0.07,-0.07,-0.07,-0.07,-0.07,-0.07,-0.07,-0.07,-0.07
"New Mexico","Aboveground Biomass","MMT C",-0.11,-0.11,-0.11,-0.11,-0.11,-0.11,-0.11,-0.11,-0.11,-0.11,-0.11,-0.11,-0.11,-0.11,-0.11,-0.11,-0.11,-0.11,-0.11,-0.11,-0.11,-0.1,-0.1,-0.1,-0.1,-0.1,-0.1,-0.1,-0.1,-0.1,-0.1,-0.1,-0.1
"New Mexico","Belowground Biomass","MMT C",-0.01,-0.01,-0.01,-0.01,-0.01,-0.01,-0.01,-0.01,-0.01,-0.01,-0.01,-0.01,-0.01,-0.01,-0.01,-0.01,-0.01,-0.01,-0.01,-0.01,-0.01,-0.01,-0.01,-0.01,-0.01,-0.01,-0.01,-0.01,-0.01,-0.01,-0.01,-0.01,-0.01
"New Mexico","Dead Wood","MMT C",0.06,0.06,0.06,0.06,0.06,0.06,0.06,0.06,0.06,0.06,0.06,0.06,0.06,0.06,0.06,0.06,0.06,0.06,0.06,0.06,0.06,0.06,0.06,0.06,0.06,0.06,0.06,0.06,0.06,0.06,0.06,0.06,0.06
"New Mexico","Litter","MMT C",-0.02,-0.02,-0.02,-0.02,-0.02,-0.02,-0.02,-0.02,-0.02,-0.02,-0.02,-0.02,-0.02,-0.02,-0.02,-0.02,-0.02,-0.02,-0.02,-0.02,-0.02,-0.02,-0.02,-0.02,-0.02,-0.02,-0.02,-0.02,-0.02,-0.02,-0.02,-0.02,-0.02
"New Mexico","Soil (Mineral)","MMT C",0.01,0.01,0.01,0.01,0.01,0.01,0.01,0.01,0.01,0.01,0.01,0.01,0.01,0.01,0.01,0.01,0.01,0.01,0.01,0.01,0.01,0.01,0.01,0.01,0.01,0.01,0.01,0.01,0.01,0.01,0.01,0.01,0.01
"New Mexico","Soil (Organic)","MMT C",,,,,,,,,,,,,,,,,,,,,,,,,,,,,,,,,
"North Dakota","Total Woodland Ecosystem","MMT C",0,0,0,0,0,0,0,0,0,0,0,0,0,0,0,0,0,0,0,0,0,0,0,0,0,0,0,0,0,0,0,0,0
"North Dakota","Aboveground Biomass","MMT C",0,0,0,0,0,0,0,0,0,0,0,0,0,0,0,0,0,0,0,0,0,0,0,0,0,0,0,0,0,0,0,0,0
"North Dakota","Belowground Biomass","MMT C",0,0,0,0,0,0,0,0,0,0,0,0,0,0,0,0,0,0,0,0,0,0,0,0,0,0,0,0,0,0,0,0,0
"North Dakota","Dead Wood","MMT C",0,0,0,0,0,0,0,0,0,0,0,0,0,0,0,0,0,0,0,0,0,0,0,0,0,0,0,0,0,0,0,0,0
"North Dakota","Litter","MMT C",0,0,0,0,0,0,0,0,0,0,0,0,0,0,0,0,0,0,0,0,0,0,0,0,0,0,0,0,0,0,0,0,0
"North Dakota","Soil (Mineral)","MMT C",0,0,0,0,0,0,0,0,0,0,0,0,0,0,0,0,0,0,0,0,0,0,0,0,0,0,0,0,0,0,0,0,0
"North Dakota","Soil (Organic)","MMT C",,,,,,,,,,,,,,,,,,,,,,,,,,,,,,,,,
"Oklahoma","Total Woodland Ecosystem","MMT C",0,0,0,0,-0.02,-0.03,-0.03,-0.03,-0.03,-0.03,-0.03,-0.03,-0.03,-0.03,-0.03,-0.03,-0.03,-0.02,-0.02,-0.02,-0.02,-0.02,-0.02,-0.02,-0.02,-0.01,-0.01,-0.01,-0.01,-0.01,-0.01,-0.01,-0.01
"Oklahoma","Aboveground Biomass","MMT C",0,0,0,0,-0.02,-0.03,-0.03,-0.03,-0.03,-0.03,-0.03,-0.03,-0.02,-0.02,-0.02,-0.02,-0.02,-0.02,-0.02,-0.02,-0.02,-0.02,-0.02,-0.01,-0.01,-0.01,-0.01,-0.01,-0.01,-0.01,-0.01,-0.01,-0.01
"Oklahoma","Belowground Biomass","MMT C",0,0,0,0,0,0,0,0,0,0,0,-0.01,-0.01,-0.01,-0.01,-0.01,0,0,0,0,0,0,0,0,0,0,0,0,0,0,0,0,0
"Oklahoma","Dead Wood","MMT C",0.01,0.01,0.01,0.01,0.01,0.01,0.01,0.01,0.01,0.01,0.01,0.01,0.01,0.01,0.01,0.01,0.01,0,0,0,0,0,0,0,0,0,0,0,0,0,0,0,0
"Oklahoma","Litter","MMT C",-0.01,-0.01,-0.01,-0.01,-0.01,-0.01,-0.01,-0.01,-0.01,-0.01,-0.01,-0.01,-0.01,-0.01,-0.01,-0.01,0,0,0,0,0,0,0,0,0,0,0,0,0,0,0,0,0
"Oklahoma","Soil (Mineral)","MMT C",0,0,0,0,0,0,0,0,0,0,0,0,0,0,0,0,0,0,0,0,0,0,0,0,0,0,0,0,0,0,0,0,0
"Oklahoma","Soil (Organic)","MMT C",,,,,,,,,,,,,,,,,,,,,,,,,,,,,,,,,
"Oregon","Total Woodland Ecosystem","MMT C",0.01,0.01,0.01,0.01,0.01,0.01,0.01,0.01,0.01,0.01,0.01,0.01,0.01,0.01,0.01,0.01,0.01,0.01,0.01,0.01,0.01,0,0,0,0,0,-0.01,-0.01,-0.02,-0.02,-0.02,-0.03,-0.03
"Oregon","Aboveground Biomass","MMT C",0,0,0,0,0,0,0,0,0,0,0,0,0,0,0,0,0,0,0,0,0,0,0,0,0,0,0,0,0,0,0,0,0
"Oregon","Belowground Biomass","MMT C",0,0,0,0,0,0,0,0,0,0,0,0,0,0,0,0,0,0,0,0,0,0,0,0,0,0,0,0,0,0,0,0,0
"Oregon","Dead Wood","MMT C",0,0,0,0,0,0,0,0,0,0,0,0,0,0,0,0,0,0,0,0,0,0,0,0,0,0,0,0,0,0,0,0,0
"Oregon","Litter","MMT C",0,0,0,0,0,0,0,0,0,0,0,0,0,0,0,0,0,0,0,0,0,0,0,0,0,0,0,0,0,0,0,0,0
"Oregon","Soil (Mineral)","MMT C",0.01,0.01,0.01,0.01,0.01,0.01,0.01,0.01,0.01,0.01,0.01,0.01,0.01,0.01,0.01,0.01,0.01,0.01,0.01,0,0,0,0,0,0,0,-0.01,-0.01,-0.01,-0.01,-0.02,-0.02,-0.02
"Oregon","Soil (Organic)","MMT C",,,,,,,,,,,,,,,,,,,,,,,,,,,,,,,,,
"South Dakota","Total Woodland Ecosystem","MMT C",0,0,0,0,0,0,0,0,0,0,0,0,0,0,0,0,0,0,0,0,0,0,0,0,0,0,0,0,0,0,0,0,0
"South Dakota","Aboveground Biomass","MMT C",0,0,0,0,0,0,0,0,0,0,0,0,0,0,0,0,0,0,0,0,0,0,0,0,0,0,0,0,0,0,0,0,0
"South Dakota","Belowground Biomass","MMT C",0,0,0,0,0,0,0,0,0,0,0,0,0,0,0,0,0,0,0,0,0,0,0,0,0,0,0,0,0,0,0,0,0
"South Dakota","Dead Wood","MMT C",0,0,0,0,0,0,0,0,0,0,0,0,0,0,0,0,0,0,0,0,0,0,0,0,0,0,0,0,0,0,0,0,0
"South Dakota","Litter","MMT C",0,0,0,0,0,0,0,0,0,0,0,0,0,0,0,0,0,0,0,0,0,0,0,0,0,0,0,0,0,0,0,0,0
"South Dakota","Soil (Mineral)","MMT C",0,0,0,0,0,0,0,0,0,0,0,0,0,0,0,0,0,0,0,0,0,0,0,0,0,0,0,0,0,0,0,0,0
"South Dakota","Soil (Organic)","MMT C",,,,,,,,,,,,,,,,,,,,,,,,,,,,,,,,,
"Texas","Total Woodland Ecosystem","MMT C",-0.01,-0.01,-0.01,-0.01,-0.01,-0.01,-0.01,-0.01,-0.01,-0.01,-0.01,-0.01,-0.01,-0.01,-0.01,-0.01,-0.01,-0.01,-0.01,-0.01,-0.01,-0.01,-0.01,-0.01,-0.01,-0.01,-0.01,-0.01,-0.01,-0.01,-0.01,-0.01,-0.01
"Texas","Aboveground Biomass","MMT C",-0.21,-0.21,-0.2,-0.2,-0.2,-0.2,-0.2,-0.2,-0.2,-0.19,-0.19,-0.19,-0.19,-0.19,-0.18,-0.18,-0.18,-0.18,-0.17,-0.17,-0.17,-0.16,-0.16,-0.16,-0.15,-0.15,-0.15,-0.14,-0.14,-0.14,-0.14,-0.13,-0.13
"Texas","Belowground Biomass","MMT C",-0.03,-0.03,-0.03,-0.03,-0.03,-0.03,-0.03,-0.03,-0.02,-0.02,-0.02,-0.02,-0.02,-0.02,-0.02,-0.02,-0.02,-0.02,-0.02,-0.02,-0.02,-0.02,-0.02,-0.02,-0.02,-0.02,-0.02,-0.02,-0.02,-0.02,-0.02,-0.02,-0.02
"Texas","Dead Wood","MMT C",0.26,0.26,0.26,0.25,0.25,0.25,0.25,0.25,0.25,0.24,0.24,0.24,0.23,0.23,0.23,0.23,0.22,0.22,0.22,0.21,0.21,0.2,0.2,0.2,0.19,0.19,0.18,0.18,0.18,0.17,0.17,0.17,0.16
"Texas","Litter","MMT C",-0.04,-0.04,-0.04,-0.04,-0.04,-0.04,-0.04,-0.04,-0.04,-0.04,-0.04,-0.03,-0.03,-0.03,-0.03,-0.03,-0.03,-0.03,-0.03,-0.03,-0.03,-0.03,-0.03,-0.03,-0.03,-0.03,-0.03,-0.03,-0.03,-0.03,-0.03,-0.02,-0.02
"Texas","Soil (Mineral)","MMT C",0,0,0,0,0,0,0,0,0,0,0,0,0,0,0,0,0,0,0,0,0,0,0,0,0,0,0,0,0,0,0,0,0
"Texas","Soil (Organic)","MMT C",,,,,,,,,,,,,,,,,,,,,,,,,,,,,,,,,
"Utah","Total Woodland Ecosystem","MMT C",0.05,0.05,0.05,0.05,0.05,0.05,0.05,0.05,0.05,0.05,0.05,0.05,0.05,0.05,0.05,0.05,0.05,0.05,0.05,0.04,0.04,0.04,0.04,0.04,0.04,0.04,0.04,0.04,0.04,0.04,0.04,0.04,0.04
"Utah","Aboveground Biomass","MMT C",-0.06,-0.06,-0.06,-0.06,-0.06,-0.06,-0.06,-0.06,-0.06,-0.06,-0.06,-0.06,-0.06,-0.06,-0.06,-0.06,-0.06,-0.05,-0.05,-0.05,-0.05,-0.05,-0.05,-0.05,-0.05,-0.05,-0.05,-0.05,-0.05,-0.05,-0.05,-0.05,-0.05
"Utah","Belowground Biomass","MMT C",-0.01,-0.01,-0.01,-0.01,-0.01,-0.01,-0.01,-0.01,-0.01,-0.01,-0.01,-0.01,-0.01,-0.01,-0.01,-0.01,-0.01,-0.01,-0.01,-0.01,-0.01,-0.01,-0.01,-0.01,-0.01,-0.01,-0.01,-0.01,-0.01,-0.01,-0.01,-0.01,-0.01
"Utah","Dead Wood","MMT C",0.11,0.11,0.11,0.11,0.11,0.11,0.11,0.11,0.11,0.11,0.11,0.11,0.1,0.1,0.1,0.1,0.1,0.1,0.1,0.1,0.1,0.1,0.1,0.1,0.1,0.1,0.09,0.09,0.09,0.09,0.09,0.09,0.09
"Utah","Litter","MMT C",-0.01,-0.01,-0.01,-0.01,-0.01,-0.01,-0.01,-0.01,-0.01,-0.01,-0.01,-0.01,-0.01,-0.01,-0.01,-0.01,-0.01,-0.01,-0.01,-0.01,-0.01,-0.01,-0.01,-0.01,-0.01,-0.01,-0.01,-0.01,-0.01,-0.01,-0.01,-0.01,-0.01
"Utah","Soil (Mineral)","MMT C",0.02,0.02,0.02,0.02,0.02,0.02,0.02,0.02,0.02,0.02,0.02,0.02,0.02,0.02,0.02,0.02,0.01,0.01,0.01,0.01,0.01,0.01,0.01,0.01,0.01,0.01,0.01,0.01,0.01,0.01,0.01,0.01,0.01
"Utah","Soil (Organic)","MMT C",,,,,,,,,,,,,,,,,,,,,,,,,,,,,,,,,
